{"cameraMode":{"drawMode":0,"name":"Shaded","section":"Shading Mode"},"sceneLighting":true,"audioPlay":false,"sceneViewState":{"showFog":true,"showMaterialUpdate":false,"showSkybox":true,"showFlares":true,"showImageEffects":true,"showParticleSystems":true},"in2DMode":false,"pivot":{"x":7.095081329345703,"y":2.4826886653900148,"z":-5.3364996910095219},"rotation":{"x":-0.017510131001472474,"y":-0.9213212728500366,"z":0.041775185614824298,"w":-0.3861547112464905},"size":17.721960067749025,"orthographic":false}